group_id,scope_kind,kernel_name,gpu_id,row_count_per_mode,pmc_counter_numeric_row_count,pmc_counter_numeric_row_fraction,pmc_semantic_missing_counter_row_count,pmc_read_counter_numeric_row_count,pmc_read_counter_numeric_row_fraction,pmc_read_semantic_missing_counter_row_count,pmc_write_counter_numeric_row_count,pmc_write_counter_numeric_row_fraction,pmc_write_semantic_missing_counter_row_count,GPUBusy_pct,VALUBusy_pct,LDSBankConflict_pct,MemUnitStalled_pct,MemUnitBusy_pct,WriteUnitStalled_pct,L2CacheHit_pct,L2_hit_count,L2_miss_count,flat_read_wavefronts_sum,read_requests_sum,read_requests_32B_subset_sum,flat_write_wavefronts_sum,write_requests_sum,write_requests_64B_subset_sum,SQ_INSTS_VALU_sum,SQ_INSTS_VMEM_RD_sum,SQ_INSTS_VMEM_WR_sum,SQ_INSTS_LDS_sum,launch_shape_set_equal_across_modes,profiled_timing_is_production_latency,achieved_occupancy_available
chunk_group,kernel,chunk_fwd_kernel_o,0,8112,8111,0.9998767258382643,1,8112,1.0,0,8112,1.0,0,100.0,34.05917618078958,16.63212912239635,8.804535607279616,71.54986066275382,0.26169243304173445,61.78655069150896,6499901842,4020028093,0,3217989011,0,0,793525248,793525248,27594633984,1359050496,59089152,4549864704,False,False,False
chunk_group,kernel,chunk_fwd_kernel_o,1,8016,8015,0.999875249500998,1,8016,1.0,0,8016,1.0,0,100.0,37.012780091832916,35.72714422027016,4.182580314500625,38.44858729385485,0.13749483833611134,56.23551770246379,3569927264,2778244514,0,3186902324,0,0,783682560,783682560,26751390720,1229276160,58536960,4390272000,False,False,False
chunk_group,kernel,chunk_fwd_kernel_o,all,16128,16126,0.9998759920634921,2,16128,1.0,0,16128,1.0,0,100.0,35.45434318231451,25.651867638642834,6.621304645640319,55.914113384632714,0.2030263454345969,59.6974649390413,10069829106,6798272607,0,6404891335,0,0,1577207808,1577207808,54346024704,2588326656,117626112,8940136704,False,False,False
chunk_group,kernel,chunk_gated_delta_rule_fwd_kernel_h_blockdim64,0,8112,8112,1.0,0,8112,1.0,0,8112,1.0,0,100.0,17.252091395437322,20.464657604629164,5.43808791743664,23.966660885144176,0.5742836876133819,36.62656786129509,3497280923,6051200213,43158528,2889486617,0,52005888,3714053894,3714053894,29148632064,756523008,233607168,11257362432,True,False,False
chunk_group,kernel,chunk_gated_delta_rule_fwd_kernel_h_blockdim64,1,8016,8016,1.0,0,8016,1.0,0,8016,1.0,0,100.0,17.36326544216056,20.513321639053522,5.335731585844969,23.985297660666692,0.5815188174811211,36.56305613438246,3462052094,6006664310,42835968,2869788873,0,51342336,3657498929,3657498929,28945004544,749445120,231257088,11181828096,True,False,False
chunk_group,kernel,chunk_gated_delta_rule_fwd_kernel_h_blockdim64,all,16128,16128,1.0,0,16128,1.0,0,16128,1.0,0,100.0,17.307301321630074,20.48882455571172,5.387256939532192,23.97591605783417,0.5778767113249975,36.59494519296033,6959333017,12057864523,85994496,5759275490,0,103348224,7371552823,7371552823,58093636608,1505968128,464864256,22439190528,True,False,False
chunk_group,kernel,chunk_local_cumsum_scalar_kernel,0,8112,8112,1.0,0,8112,1.0,0,8112,1.0,0,100.0,7.238872475470718,0.0,2.8144552879265445,18.829357980893416,0.1461802502014374,93.20132593634165,343062576,25025080,0,12628911,0,0,29734844,29734317,1359138816,29546496,29546496,177278976,False,False,False
chunk_group,kernel,chunk_local_cumsum_scalar_kernel,1,8016,8016,1.0,0,8016,1.0,0,8016,1.0,0,100.0,0.8815473725409089,0.0,1.3828297879897269,8.174365877235266,0.13248786247311586,93.10202404940593,333500927,24709252,0,12469736,0,0,30316786,30316786,153667584,3658752,3658752,21952512,True,False,False
chunk_group,kernel,chunk_local_cumsum_scalar_kernel,all,16128,16128,1.0,0,16128,1.0,0,16128,1.0,0,100.0,4.178199826663109,0.0,2.125213045309003,13.699615144570892,0.13958818263553155,93.15235023384037,676563503,49734332,0,25098647,0,0,60051630,60051103,1512806400,33205248,33205248,199231488,False,False,False
chunk_group,kernel,chunk_scaled_dot_kkt_fwd_kernel,0,8112,8112,1.0,0,8112,1.0,0,8112,1.0,0,100.0,24.63388497111399,2.75623887788688,3.518047912265723,24.651758757977856,3.6579049107766366,44.89934506884016,877923889,1077391690,0,283930831,0,0,793525248,793525248,7563902976,221598720,59092992,590929920,False,False,False
chunk_group,kernel,chunk_scaled_dot_kkt_fwd_kernel,1,8016,8016,1.0,0,8016,1.0,0,8016,1.0,0,100.0,24.7570187485862,2.7700160837578967,3.673440105439228,23.036611224364492,3.6266167330925607,44.873126356924075,866194046,1064123978,0,280939360,0,0,783682560,783682560,7493124096,219525120,58540032,585400320,False,False,False
chunk_group,kernel,chunk_scaled_dot_kkt_fwd_kernel,all,16128,16128,1.0,0,16128,1.0,0,16128,1.0,0,100.0,24.695008967223433,2.7630779264026217,3.595185087831692,23.849994420137758,3.64237336053678,44.886320049667326,1744117935,2141515668,0,564870191,0,0,1577207808,1577207808,15057027072,441123840,117633024,1176330240,False,False,False
chunk_group,group,__GROUP_TOTAL__,0,32448,32447,0.999969181459566,1,32448,1.0,0,32448,1.0,0,100.0,22.32971789639613,16.37078932131524,6.06984385454042,37.567882068292974,0.7772698400789625,50.099420603867884,11218169230,11173645076,43158528,6404035370,0,52005888,5330839234,5330838707,65666307840,2366718720,381335808,16575436032,False,False,False
chunk_group,group,__GROUP_TOTAL__,1,32064,32063,0.9999688123752495,1,32064,1.0,0,32064,1.0,0,100.0,22.58690734590998,21.640008804667247,4.629209660647207,26.949756205020915,0.7597444119721718,45.465258329103044,8231674331,9873742054,42835968,6350100293,0,51342336,5255180835,5255180835,63343186944,2201905152,351992832,16179452928,False,False,False
chunk_group,group,__GROUP_TOTAL__,all,64512,64510,0.999968998015873,2,64512,1.0,0,64512,1.0,0,100.0,22.45546334047448,18.947023864111692,5.365486864749513,32.376452347980745,0.7687012819825196,48.027589119377694,19449843561,21047387130,85994496,12754135663,0,103348224,10586020069,10586019542,129009494784,4568623872,733328640,32754888960,False,False,False
gqa6,kernel,_gqa6,0,2704,2704,1.0,0,2703,0.9996301775147929,1,2703,0.9996301775147929,1,100.0,28.3150408416563,13.927740065374948,0.00972590679031555,14.036888304416461,0.0004606507671980864,88.84899730703032,98287886989,12335631529,13823480832,24172869069,0,0,264454272,264454308,439760300928,13842753024,17253888,170093197824,False,False,False
gqa6,kernel,_gqa6,1,2672,2672,1.0,0,2671,0.999625748502994,1,2671,0.999625748502994,1,100.0,27.728576545416875,13.738871380622337,0.00987332444638151,13.803859723949152,0.00045721075207203285,89.03959337615352,93566130068,11517604617,13129355520,22803344994,0,0,261216384,261216412,416205920640,13147971072,17060352,162078888960,False,False,False
gqa6,kernel,_gqa6,all,5376,5376,1.0,0,5374,0.9996279761904762,2,5374,0.9996279761904762,2,100.0,28.026642404894297,13.834862402087989,0.00979840058377094,13.922294664601422,0.0004589591126657422,88.94184790181721,191854017057,23853236146,26952836352,46976214063,0,0,525670656,525670720,855966221568,26990724096,34314240,332172086784,False,False,False
gqa6,group,__GROUP_TOTAL__,0,2704,2704,1.0,0,2703,0.9996301775147929,1,2703,0.9996301775147929,1,100.0,28.3150408416563,13.927740065374948,0.00972590679031555,14.036888304416461,0.0004606507671980864,88.84899730703032,98287886989,12335631529,13823480832,24172869069,0,0,264454272,264454308,439760300928,13842753024,17253888,170093197824,False,False,False
gqa6,group,__GROUP_TOTAL__,1,2672,2672,1.0,0,2671,0.999625748502994,1,2671,0.999625748502994,1,100.0,27.728576545416875,13.738871380622337,0.00987332444638151,13.803859723949152,0.00045721075207203285,89.03959337615352,93566130068,11517604617,13129355520,22803344994,0,0,261216384,261216412,416205920640,13147971072,17060352,162078888960,False,False,False
gqa6,group,__GROUP_TOTAL__,all,5376,5376,1.0,0,5374,0.9996279761904762,2,5374,0.9996279761904762,2,100.0,28.026642404894297,13.834862402087989,0.00979840058377094,13.922294664601422,0.0004589591126657422,88.94184790181721,191854017057,23853236146,26952836352,46976214063,0,0,525670656,525670720,855966221568,26990724096,34314240,332172086784,False,False,False
triton_rmsnorm,kernel,triton_red_fused__to_copy_add_mean_mul_pow_rsqrt_0,0,153768,153767,0.9999934966963218,1,153767,0.9999934966963218,1,153767,0.9999934966963218,1,100.0,8.627161728876576,0.0,1.786242365659349,11.766119129254346,2.446562470769345,20.189736575918154,1412758589,5584651128,0,3788893524,0,0,3845171189,3845220949,34479320802,738547584,368553968,208931220,True,False,False
triton_rmsnorm,kernel,triton_red_fused__to_copy_add_mean_mul_pow_rsqrt_0,1,153510,153509,0.9999934857663996,1,153509,0.9999934857663996,1,153509,0.9999934857663996,1,100.0,8.310137688430293,0.0,1.8241642066480013,11.54413840565008,2.285513733991414,20.24926150794233,1401528567,5519852573,0,3745788849,0,0,3767620592,3767651307,34071986643,729822480,364199920,206462934,False,False,False
triton_rmsnorm,kernel,triton_red_fused__to_copy_add_mean_mul_pow_rsqrt_0,all,307278,307276,0.9999934912359492,2,307276,0.9999934912359492,2,307276,0.9999934912359492,2,100.0,8.466624417084805,0.0,1.8054455478594849,11.65371065516243,2.3650092509144924,20.219336470485484,2814287156,11104503701,0,7534682373,0,0,7612791781,7612872256,68551307445,1468370064,732753888,415394154,False,False,False
triton_rmsnorm,group,__GROUP_TOTAL__,0,153768,153767,0.9999934966963218,1,153767,0.9999934966963218,1,153767,0.9999934966963218,1,100.0,8.627161728876576,0.0,1.786242365659349,11.766119129254346,2.446562470769345,20.189736575918154,1412758589,5584651128,0,3788893524,0,0,3845171189,3845220949,34479320802,738547584,368553968,208931220,True,False,False
triton_rmsnorm,group,__GROUP_TOTAL__,1,153510,153509,0.9999934857663996,1,153509,0.9999934857663996,1,153509,0.9999934857663996,1,100.0,8.310137688430293,0.0,1.8241642066480013,11.54413840565008,2.285513733991414,20.24926150794233,1401528567,5519852573,0,3745788849,0,0,3767620592,3767651307,34071986643,729822480,364199920,206462934,False,False,False
triton_rmsnorm,group,__GROUP_TOTAL__,all,307278,307276,0.9999934912359492,2,307276,0.9999934912359492,2,307276,0.9999934912359492,2,100.0,8.466624417084805,0.0,1.8054455478594849,11.65371065516243,2.3650092509144924,20.219336470485484,2814287156,11104503701,0,7534682373,0,0,7612791781,7612872256,68551307445,1468370064,732753888,415394154,False,False,False
