rank,group_or_event_key,score_ns,member_count,source_member_ids_json
1,1:1538780:1538782,12851753,1,"[""1:1538780:1538782""]"
2,0:1538779:1538781,12664492,1,"[""0:1538779:1538781""]"
3,1:1221872:1221874,8488677,1,"[""1:1221872:1221874""]"
4,0:1221871:1221873,8461747,1,"[""0:1221871:1221873""]"
5,0:2246993:2246995,6189416,1,"[""0:2246993:2246995""]"
6,1:1208222:1208224,5830433,1,"[""1:1208222:1208224""]"
7,0:1208221:1208223,5786453,1,"[""0:1208221:1208223""]"
8,0:1629755:1629757,5052039,1,"[""0:1629755:1629757""]"
9,1:1629756:1629758,5016088,1,"[""1:1629756:1629758""]"
10,0:1154999:1155001,4960329,1,"[""0:1154999:1155001""]"
11,1:1178208:1178210,4947528,1,"[""1:1178208:1178210""]"
12,0:1178207:1178209,4917858,1,"[""0:1178207:1178209""]"
13,1:1488196:1488198,4783817,1,"[""1:1488196:1488198""]"
14,0:907703:907705,4741957,1,"[""0:907703:907705""]"
15,1:1225884:1225886,4620676,1,"[""1:1225884:1225886""]"
16,0:1226241:1226243,4613676,1,"[""0:1226241:1226243""]"
17,1:1251094:1251096,4609326,1,"[""1:1251094:1251096""]"
18,1:1222012:1222014,4548456,1,"[""1:1222012:1222014""]"
19,0:1225883:1225885,4538066,1,"[""0:1225883:1225885""]"
20,0:1222011:1222013,4521316,1,"[""0:1222011:1222013""]"
21,1:907702:907704,4472226,1,"[""1:907702:907704""]"
22,0:1488195:1488197,4442665,1,"[""0:1488195:1488197""]"
23,0:1251093:1251095,4326644,1,"[""0:1251093:1251095""]"
24,0:1249563:1249565,4065453,1,"[""0:1249563:1249565""]"
25,1:1228792:1228794,3985383,1,"[""1:1228792:1228794""]"
26,1:1249564:1249566,3968723,1,"[""1:1249564:1249566""]"
27,0:1228791:1228793,3958522,1,"[""0:1228791:1228793""]"
28,0:1250755:1250757,3744611,1,"[""0:1250755:1250757""]"
29,1:1251206:1251208,3570360,1,"[""1:1251206:1251208""]"
30,0:1251205:1251207,3536609,1,"[""0:1251205:1251207""]"
31,1:1250756:1250758,3477870,1,"[""1:1250756:1250758""]"
32,1:1159964:1159966,3471820,1,"[""1:1159964:1159966""]"
33,1:1155000:1155002,3464940,1,"[""1:1155000:1155002""]"
34,0:1159963:1159965,3416309,1,"[""0:1159963:1159965""]"
35,0:2343351:2343353,3306479,1,"[""0:2343351:2343353""]"
36,0:2269599:2269601,3185728,1,"[""0:2269599:2269601""]"
37,0:1205123:1205125,3157338,1,"[""0:1205123:1205125""]"
38,0:2338085:2338087,3128378,1,"[""0:2338085:2338087""]"
39,1:2309706:2309708,3009457,1,"[""1:2309706:2309708""]"
40,1:1205124:1205126,3004597,1,"[""1:1205124:1205126""]"
41,1:2269600:2269602,2989237,1,"[""1:2269600:2269602""]"
42,0:2309705:2309707,2978457,1,"[""0:2309705:2309707""]"
43,1:2152496:2152498,2954477,1,"[""1:2152496:2152498""]"
44,1:2147064:2147066,2924227,1,"[""1:2147064:2147066""]"
45,0:2152495:2152497,2922957,1,"[""0:2152495:2152497""]"
46,0:2147063:2147065,2899396,1,"[""0:2147063:2147065""]"
47,1:2364214:2364216,2826387,1,"[""1:2364214:2364216""]"
48,1:2178520:2178522,2821716,1,"[""1:2178520:2178522""]"
49,1:2290578:2290580,2821366,1,"[""1:2290578:2290580""]"
50,1:1509628:1509630,2820136,1,"[""1:1509628:1509630""]"
51,0:1509627:1509629,2788016,1,"[""0:1509627:1509629""]"
52,0:2364213:2364215,2715216,1,"[""0:2364213:2364215""]"
53,1:2343350:2343352,2700835,1,"[""1:2343350:2343352""]"
54,1:1851346:1851348,2636955,1,"[""1:1851346:1851348""]"
55,1:1154812:1154814,2628935,1,"[""1:1154812:1154814""]"
56,1:2101368:2101370,2604505,1,"[""1:2101368:2101370""]"
57,0:1634917:1634919,2603234,1,"[""0:1634917:1634919""]"
58,0:2178519:2178521,2586305,1,"[""0:2178519:2178521""]"
59,1:2148206:2148208,2580214,1,"[""1:2148206:2148208""]"
60,1:2137670:2137672,2542275,1,"[""1:2137670:2137672""]"
61,0:2290577:2290579,2540464,1,"[""0:2290577:2290579""]"
62,1:1226240:1226242,2458114,1,"[""1:1226240:1226242""]"
63,0:1154811:1154813,2454104,1,"[""0:1154811:1154813""]"
64,1:2486832:2486834,2451892,1,"[""1:2486832:2486834""]"
65,1:2384676:2384678,2443194,1,"[""1:2384676:2384678""]"
66,0:2180229:2180231,2428924,1,"[""0:2180229:2180231""]"
67,1:2227676:2227678,2426744,1,"[""1:2227676:2227678""]"
68,0:1851345:1851347,2416434,1,"[""0:1851345:1851347""]"
69,1:2354608:2354610,2405344,1,"[""1:2354608:2354610""]"
70,0:2045001:2045003,2398714,1,"[""0:2045001:2045003""]"
71,1:2177594:2177596,2381823,1,"[""1:2177594:2177596""]"
72,1:2144686:2144688,2375043,1,"[""1:2144686:2144688""]"
73,1:2189056:2189058,2363643,1,"[""1:2189056:2189058""]"
74,0:2144685:2144687,2359943,1,"[""0:2144685:2144687""]"
75,0:2101367:2101369,2357574,1,"[""0:2101367:2101369""]"
76,0:2177593:2177595,2353463,1,"[""0:2177593:2177595""]"
77,0:2486831:2486833,2352792,1,"[""0:2486831:2486833""]"
78,0:2189055:2189057,2342074,1,"[""0:2189055:2189057""]"
79,1:1634918:1634920,2339763,1,"[""1:1634918:1634920""]"
80,1:2176968:2176970,2325853,1,"[""1:2176968:2176970""]"
81,0:2148205:2148207,2317493,1,"[""0:2148205:2148207""]"
82,1:2307640:2307642,2297783,1,"[""1:2307640:2307642""]"
83,0:2176967:2176969,2281103,1,"[""0:2176967:2176969""]"
84,0:2307639:2307641,2264723,1,"[""0:2307639:2307641""]"
85,1:2155342:2155344,2237533,1,"[""1:2155342:2155344""]"
86,1:1064228:1064230,2233412,1,"[""1:1064228:1064230""]"
87,0:2137669:2137671,2209133,1,"[""0:2137669:2137671""]"
88,1:1226242:1226244,2207632,1,"[""1:1226242:1226244""]"
89,1:1538820:1538822,2170712,1,"[""1:1538820:1538822""]"
90,1:2180230:2180232,2151882,1,"[""1:2180230:2180232""]"
91,0:2155341:2155343,2146572,1,"[""0:2155341:2155343""]"
92,1:2045002:2045004,2146272,1,"[""1:2045002:2045004""]"
93,1:463384:463386,2139922,1,"[""1:463384:463386""]"
94,0:2073051:2073053,2133703,1,"[""0:2073051:2073053""]"
95,0:2384677:2384679,2114732,1,"[""0:2384677:2384679""]"
96,0:1064229:1064231,2111862,1,"[""0:1064229:1064231""]"
97,0:2227675:2227677,2106102,1,"[""0:2227675:2227677""]"
98,0:913921:913923,2104282,1,"[""0:913921:913923""]"
99,0:2156279:2156281,2102312,1,"[""0:2156279:2156281""]"
100,1:1795364:1795366,2087491,1,"[""1:1795364:1795366""]"
101,0:463383:463385,2085592,1,"[""0:463383:463385""]"
102,1:1698922:1698924,2077642,1,"[""1:1698922:1698924""]"
103,0:2354607:2354609,2076242,1,"[""0:2354607:2354609""]"
104,0:2397843:2397845,2075962,1,"[""0:2397843:2397845""]"
105,0:1958401:1958403,2074852,1,"[""0:1958401:1958403""]"
106,1:2175482:2175484,2074792,1,"[""1:2175482:2175484""]"
107,1:2200084:2200086,2070991,1,"[""1:2200084:2200086""]"
108,1:2159816:2159818,2055452,1,"[""1:2159816:2159818""]"
109,0:2175481:2175483,2048022,1,"[""0:2175481:2175483""]"
110,0:2200083:2200085,2045761,1,"[""0:2200083:2200085""]"
111,1:913920:913922,2044972,1,"[""1:913920:913922""]"
112,1:2397842:2397844,2044602,1,"[""1:2397842:2397844""]"
113,0:1698921:1698923,2033642,1,"[""0:1698921:1698923""]"
114,0:2273161:2273163,2025952,1,"[""0:2273161:2273163""]"
115,1:2281822:2281824,2024741,1,"[""1:2281822:2281824""]"
116,1:749202:749204,2011282,1,"[""1:749202:749204""]"
117,0:2470401:2470403,2003880,1,"[""0:2470401:2470403""]"
118,0:2281821:2281823,1998511,1,"[""0:2281821:2281823""]"
119,1:2172168:2172170,1990692,1,"[""1:2172168:2172170""]"
120,1:2273162:2273164,1988791,1,"[""1:2273162:2273164""]"
121,1:2156280:2156282,1988462,1,"[""1:2156280:2156282""]"
122,1:2073052:2073054,1981462,1,"[""1:2073052:2073054""]"
123,1:1958400:1958402,1975931,1,"[""1:1958400:1958402""]"
124,1:2064980:2064982,1970371,1,"[""1:2064980:2064982""]"
125,1:2204938:2204940,1965011,1,"[""1:2204938:2204940""]"
126,0:2159815:2159817,1964532,1,"[""0:2159815:2159817""]"
127,0:2172167:2172169,1962921,1,"[""0:2172167:2172169""]"
128,0:2204937:2204939,1958741,1,"[""0:2204937:2204939""]"
129,1:2171744:2171746,1956511,1,"[""1:2171744:2171746""]"
130,1:2071406:2071408,1951971,1,"[""1:2071406:2071408""]"
131,1:2383360:2383362,1946251,1,"[""1:2383360:2383362""]"
132,1:2171588:2171590,1939431,1,"[""1:2171588:2171590""]"
133,1:2470400:2470402,1938140,1,"[""1:2470400:2470402""]"
134,0:2171587:2171589,1917051,1,"[""0:2171587:2171589""]"
135,1:2140128:2140130,1914591,1,"[""1:2140128:2140130""]"
136,0:2071405:2071407,1911451,1,"[""0:2071405:2071407""]"
137,0:2171743:2171745,1906361,1,"[""0:2171743:2171745""]"
138,0:2370049:2370051,1903921,1,"[""0:2370049:2370051""]"
139,0:2140127:2140129,1903501,1,"[""0:2140127:2140129""]"
140,0:2064979:2064981,1903481,1,"[""0:2064979:2064981""]"
141,1:2142538:2142540,1895630,1,"[""1:2142538:2142540""]"
142,1:2112930:2112932,1890041,1,"[""1:2112930:2112932""]"
143,1:2141490:2141492,1881921,1,"[""1:2141490:2141492""]"
144,1:925330:925332,1873251,1,"[""1:925330:925332""]"
145,0:2153903:2153905,1871420,1,"[""0:2153903:2153905""]"
146,1:1072428:1072430,1869830,1,"[""1:1072428:1072430""]"
147,1:2128222:2128224,1864291,1,"[""1:2128222:2128224""]"
148,0:2142537:2142539,1859170,1,"[""0:2142537:2142539""]"
149,0:2141489:2141491,1853491,1,"[""0:2141489:2141491""]"
150,1:2303736:2303738,1849540,1,"[""1:2303736:2303738""]"
151,0:1072427:1072429,1849290,1,"[""0:1072427:1072429""]"
152,1:2332538:2332540,1848941,1,"[""1:2332538:2332540""]"
153,1:1705398:1705400,1848401,1,"[""1:1705398:1705400""]"
154,1:2009088:2009090,1848341,1,"[""1:2009088:2009090""]"
155,1:1694862:1694864,1846220,1,"[""1:1694862:1694864""]"
156,1:307666:307668,1840651,1,"[""1:307666:307668""]"
157,1:988598:988600,1840150,1,"[""1:988598:988600""]"
158,0:2088847:2088849,1835320,1,"[""0:2088847:2088849""]"
159,1:2123044:2123046,1833181,1,"[""1:2123044:2123046""]"
160,1:884504:884506,1832900,1,"[""1:884504:884506""]"
161,0:2332537:2332539,1831690,1,"[""0:2332537:2332539""]"
162,1:2147254:2147256,1830240,1,"[""1:2147254:2147256""]"
163,0:2454821:2454823,1829639,1,"[""0:2454821:2454823""]"
164,1:1688388:1688390,1829630,1,"[""1:1688388:1688390""]"
165,1:2150534:2150536,1829341,1,"[""1:2150534:2150536""]"
166,1:1635506:1635508,1828321,1,"[""1:1635506:1635508""]"
167,1:2142270:2142272,1827201,1,"[""1:2142270:2142272""]"
168,1:2285642:2285644,1827100,1,"[""1:2285642:2285644""]"
169,1:2122166:2122168,1826391,1,"[""1:2122166:2122168""]"
170,1:1674572:1674574,1826180,1,"[""1:1674572:1674574""]"
171,1:2107638:2107640,1825690,1,"[""1:2107638:2107640""]"
172,1:2121524:2121526,1825610,1,"[""1:2121524:2121526""]"
173,1:965486:965488,1825510,1,"[""1:965486:965488""]"
174,1:1701892:1701894,1824700,1,"[""1:1701892:1701894""]"
175,1:2201440:2201442,1824620,1,"[""1:2201440:2201442""]"
176,1:2151086:2151088,1824431,1,"[""1:2151086:2151088""]"
177,1:2182930:2182932,1823820,1,"[""1:2182930:2182932""]"
178,1:1683034:1683036,1823010,1,"[""1:1683034:1683036""]"
179,1:2343886:2343888,1822441,1,"[""1:2343886:2343888""]"
180,1:2410496:2410498,1820740,1,"[""1:2410496:2410498""]"
181,1:1652642:1652644,1820691,1,"[""1:1652642:1652644""]"
182,1:1985244:1985246,1820561,1,"[""1:1985244:1985246""]"
183,1:2338086:2338088,1820101,1,"[""1:2338086:2338088""]"
184,1:2347522:2347524,1817651,1,"[""1:2347522:2347524""]"
185,1:2386798:2386800,1816431,1,"[""1:2386798:2386800""]"
186,1:2146034:2146036,1815960,1,"[""1:2146034:2146036""]"
187,1:1810240:1810242,1815440,1,"[""1:1810240:1810242""]"
188,1:2083932:2083934,1814490,1,"[""1:2083932:2083934""]"
189,1:2341206:2341208,1812531,1,"[""1:2341206:2341208""]"
190,1:2338084:2338086,1808780,1,"[""1:2338084:2338086""]"
191,1:2149288:2149290,1803590,1,"[""1:2149288:2149290""]"
192,1:2081110:2081112,1803580,1,"[""1:2081110:2081112""]"
193,1:920430:920432,1801941,1,"[""1:920430:920432""]"
194,1:2306440:2306442,1798990,1,"[""1:2306440:2306442""]"
195,1:2098038:2098040,1796060,1,"[""1:2098038:2098040""]"
196,1:2353046:2353048,1795920,1,"[""1:2353046:2353048""]"
197,1:2165602:2165604,1794680,1,"[""1:2165602:2165604""]"
198,0:2306439:2306441,1794611,1,"[""0:2306439:2306441""]"
199,1:2131388:2131390,1792711,1,"[""1:2131388:2131390""]"
200,1:1297238:1297240,1791550,1,"[""1:1297238:1297240""]"
201,1:1668362:1668364,1791420,1,"[""1:1668362:1668364""]"
202,1:2366690:2366692,1791230,1,"[""1:2366690:2366692""]"
203,1:2307020:2307022,1788080,1,"[""1:2307020:2307022""]"
204,0:2151085:2151087,1785470,1,"[""0:2151085:2151087""]"
205,0:1535025:1535027,1785080,1,"[""0:1535025:1535027""]"
206,0:747227:747229,1784971,1,"[""0:747227:747229""]"
207,1:2033486:2033488,1783320,1,"[""1:2033486:2033488""]"
208,1:1668022:1668024,1782120,1,"[""1:1668022:1668024""]"
209,1:2271416:2271418,1782040,1,"[""1:2271416:2271418""]"
210,0:2117559:2117561,1780510,1,"[""0:2117559:2117561""]"
211,0:2149287:2149289,1777860,1,"[""0:2149287:2149289""]"
212,1:2091370:2091372,1775900,1,"[""1:2091370:2091372""]"
213,0:2102595:2102597,1775340,1,"[""0:2102595:2102597""]"
214,0:2307019:2307021,1774650,1,"[""0:2307019:2307021""]"
215,0:2115585:2115587,1774610,1,"[""0:2115585:2115587""]"
216,0:1694861:1694863,1770310,1,"[""0:1694861:1694863""]"
217,0:2271415:2271417,1766480,1,"[""0:2271415:2271417""]"
218,1:1795270:1795272,1765960,1,"[""1:1795270:1795272""]"
219,0:2131387:2131389,1764520,1,"[""0:2131387:2131389""]"
220,1:839972:839974,1764360,1,"[""1:839972:839974""]"
221,1:2319716:2319718,1759411,1,"[""1:2319716:2319718""]"
222,0:1843859:1843861,1758270,1,"[""0:1843859:1843861""]"
223,1:2157612:2157614,1755300,1,"[""1:2157612:2157614""]"
224,0:2303735:2303737,1754400,1,"[""0:2303735:2303737""]"
225,0:2389943:2389945,1750560,1,"[""0:2389943:2389945""]"
226,1:2340008:2340010,1749510,1,"[""1:2340008:2340010""]"
227,0:2147253:2147255,1748840,1,"[""0:2147253:2147255""]"
228,0:925331:925333,1748500,1,"[""0:925331:925333""]"
229,0:2139075:2139077,1744670,1,"[""0:2139075:2139077""]"
230,0:2343885:2343887,1744190,1,"[""0:2343885:2343887""]"
231,1:836900:836902,1743060,1,"[""1:836900:836902""]"
232,0:2270377:2270379,1743020,1,"[""0:2270377:2270379""]"
233,0:2174635:2174637,1740760,1,"[""0:2174635:2174637""]"
234,1:1969590:1969592,1739760,1,"[""1:1969590:1969592""]"
235,0:1795269:1795271,1738989,1,"[""0:1795269:1795271""]"
236,1:2369662:2369664,1738030,1,"[""1:2369662:2369664""]"
237,1:2370048:2370050,1737970,1,"[""1:2370048:2370050""]"
238,1:2202086:2202088,1735800,1,"[""1:2202086:2202088""]"
239,1:2389942:2389944,1733020,1,"[""1:2389942:2389944""]"
240,0:1694061:1694063,1732730,1,"[""0:1694061:1694063""]"
241,0:730697:730699,1731560,1,"[""0:730697:730699""]"
242,1:1067886:1067888,1731180,1,"[""1:1067886:1067888""]"
243,1:2094082:2094084,1730850,1,"[""1:2094082:2094084""]"
244,0:2157611:2157613,1728099,1,"[""0:2157611:2157613""]"
245,0:2347521:2347523,1725360,1,"[""0:2347521:2347523""]"
246,0:1789643:1789645,1722999,1,"[""0:1789643:1789645""]"
247,0:2165601:2165603,1722549,1,"[""0:2165601:2165603""]"
248,1:2162158:2162160,1720489,1,"[""1:2162158:2162160""]"
249,0:2141243:2141245,1713950,1,"[""0:2141243:2141245""]"
250,1:1843858:1843860,1712030,1,"[""1:1843858:1843860""]"
251,1:1012194:1012196,1710420,1,"[""1:1012194:1012196""]"
252,0:1109797:1109799,1710270,1,"[""0:1109797:1109799""]"
253,0:2122167:2122169,1710260,1,"[""0:2122167:2122169""]"
254,0:2202085:2202087,1709240,1,"[""0:2202085:2202087""]"
255,1:2048762:2048764,1708019,1,"[""1:2048762:2048764""]"
256,0:1067885:1067887,1705429,1,"[""0:1067885:1067887""]"
257,0:2285641:2285643,1704210,1,"[""0:2285641:2285643""]"
258,0:2388919:2388921,1703590,1,"[""0:2388919:2388921""]"
259,0:1677493:1677495,1703400,1,"[""0:1677493:1677495""]"
260,0:2094081:2094083,1702110,1,"[""0:2094081:2094083""]"
261,1:2336160:2336162,1700989,1,"[""1:2336160:2336162""]"
262,0:1635505:1635507,1700550,1,"[""0:1635505:1635507""]"
263,1:1072638:1072640,1700240,1,"[""1:1072638:1072640""]"
264,0:2369661:2369663,1699779,1,"[""0:2369661:2369663""]"
265,0:2162157:2162159,1699659,1,"[""0:2162157:2162159""]"
266,1:1154998:1155000,1694690,1,"[""1:1154998:1155000""]"
267,1:2122848:2122850,1690110,1,"[""1:2122848:2122850""]"
268,0:1795365:1795367,1689660,1,"[""0:1795365:1795367""]"
269,1:368682:368684,1685080,1,"[""1:368682:368684""]"
270,0:1012193:1012195,1684939,1,"[""0:1012193:1012195""]"
271,0:884503:884505,1684459,1,"[""0:884503:884505""]"
272,1:2166836:2166838,1683359,1,"[""1:2166836:2166838""]"
273,0:2336159:2336161,1682110,1,"[""0:2336159:2336161""]"
274,0:2139463:2139465,1680900,1,"[""0:2139463:2139465""]"
275,1:2305620:2305622,1678140,1,"[""1:2305620:2305622""]"
276,0:988599:988601,1674639,1,"[""0:988599:988601""]"
277,1:2172616:2172618,1672580,1,"[""1:2172616:2172618""]"
278,0:2182929:2182931,1671689,1,"[""0:2182929:2182931""]"
279,0:2338747:2338749,1670479,1,"[""0:2338747:2338749""]"
280,1:2143626:2143628,1668009,1,"[""1:2143626:2143628""]"
281,1:2461696:2461698,1667688,1,"[""1:2461696:2461698""]"
282,0:2048761:2048763,1665750,1,"[""0:2048761:2048763""]"
283,1:1107048:1107050,1663940,1,"[""1:1107048:1107050""]"
284,0:2166835:2166837,1657959,1,"[""0:2166835:2166837""]"
285,0:2305619:2305621,1656899,1,"[""0:2305619:2305621""]"
286,1:1696264:1696266,1655330,1,"[""1:1696264:1696266""]"
287,1:2340790:2340792,1653810,1,"[""1:2340790:2340792""]"
288,1:2304680:2304682,1653309,1,"[""1:2304680:2304682""]"
289,0:2172615:2172617,1648710,1,"[""0:2172615:2172617""]"
290,0:2386797:2386799,1648390,1,"[""0:2386797:2386799""]"
291,0:749203:749205,1648149,1,"[""0:749203:749205""]"
292,1:2420882:2420884,1645699,1,"[""1:2420882:2420884""]"
293,0:2183217:2183219,1645680,1,"[""0:2183217:2183219""]"
294,1:963950:963952,1645519,1,"[""1:963950:963952""]"
295,1:2334544:2334546,1644830,1,"[""1:2334544:2334546""]"
296,1:1072218:1072220,1640030,1,"[""1:1072218:1072220""]"
297,0:2318397:2318399,1635910,1,"[""0:2318397:2318399""]"
298,0:1107047:1107049,1635620,1,"[""0:1107047:1107049""]"
299,0:2140301:2140303,1635159,1,"[""0:2140301:2140303""]"
300,0:2304679:2304681,1634179,1,"[""0:2304679:2304681""]"
301,0:2122847:2122849,1631680,1,"[""0:2122847:2122849""]"
302,0:965485:965487,1631629,1,"[""0:965485:965487""]"
303,1:1785564:1785566,1631610,1,"[""1:1785564:1785566""]"
304,0:1985243:1985245,1631529,1,"[""0:1985243:1985245""]"
305,0:963949:963951,1630079,1,"[""0:963949:963951""]"
306,1:368894:368896,1629570,1,"[""1:368894:368896""]"
307,1:2048894:2048896,1627719,1,"[""1:2048894:2048896""]"
308,1:1700642:1700644,1627519,1,"[""1:1700642:1700644""]"
309,1:1582282:1582284,1626529,1,"[""1:1582282:1582284""]"
310,1:2009526:2009528,1625580,1,"[""1:2009526:2009528""]"
311,0:2334543:2334545,1625270,1,"[""0:2334543:2334545""]"
312,0:1696263:1696265,1625110,1,"[""0:1696263:1696265""]"
313,0:2184285:2184287,1617610,1,"[""0:2184285:2184287""]"
314,1:2035076:2035078,1615829,1,"[""1:2035076:2035078""]"
315,1:2153904:2153906,1615310,1,"[""1:2153904:2153906""]"
316,0:1668023:1668025,1614969,1,"[""0:1668023:1668025""]"
317,1:1666322:1666324,1611179,1,"[""1:1666322:1666324""]"
318,1:2131530:2131532,1608869,1,"[""1:2131530:2131532""]"
319,0:2410497:2410499,1607110,1,"[""0:2410497:2410499""]"
320,0:1674571:1674573,1606779,1,"[""0:1674571:1674573""]"
321,1:2381920:2381922,1604940,1,"[""1:2381920:2381922""]"
322,1:2223896:2223898,1604539,1,"[""1:2223896:2223898""]"
323,1:2438144:2438146,1603779,1,"[""1:2438144:2438146""]"
324,1:2485558:2485560,1602678,1,"[""1:2485558:2485560""]"
325,0:2009089:2009091,1597489,1,"[""0:2009089:2009091""]"
326,1:2114414:2114416,1597140,1,"[""1:2114414:2114416""]"
327,1:2306648:2306650,1595109,1,"[""1:2306648:2306650""]"
328,0:836901:836903,1592149,1,"[""0:836901:836903""]"
329,1:2158704:2158706,1590179,1,"[""1:2158704:2158706""]"
330,0:839973:839975,1589900,1,"[""0:839973:839975""]"
331,0:2009527:2009529,1589680,1,"[""0:2009527:2009529""]"
332,1:1720448:1720450,1589509,1,"[""1:1720448:1720450""]"
333,1:2333836:2333838,1587379,1,"[""1:2333836:2333838""]"
334,1:1705212:1705214,1587159,1,"[""1:1705212:1705214""]"
335,0:1697821:1697823,1585399,1,"[""0:1697821:1697823""]"
336,0:1705399:1705401,1582819,1,"[""0:1705399:1705401""]"
337,0:2383361:2383363,1582059,1,"[""0:2383361:2383363""]"
338,0:2083931:2083933,1579459,1,"[""0:2083931:2083933""]"
339,0:2112929:2112931,1579449,1,"[""0:2112929:2112931""]"
340,1:871278:871280,1575759,1,"[""1:871278:871280""]"
341,1:2334428:2334430,1574729,1,"[""1:2334428:2334430""]"
342,1:2051868:2051870,1573349,1,"[""1:2051868:2051870""]"
343,0:2121523:2121525,1571328,1,"[""0:2121523:2121525""]"
344,0:871277:871279,1571109,1,"[""0:871277:871279""]"
345,0:1705211:1705213,1566129,1,"[""0:1705211:1705213""]"
346,0:1666321:1666323,1564519,1,"[""0:1666321:1666323""]"
347,0:2333835:2333837,1564449,1,"[""0:2333835:2333837""]"
348,0:1701891:1701893,1563688,1,"[""0:1701891:1701893""]"
349,1:2132422:2132424,1562739,1,"[""1:2132422:2132424""]"
350,0:2048893:2048895,1562669,1,"[""0:2048893:2048895""]"
351,1:2321300:2321302,1562499,1,"[""1:2321300:2321302""]"
352,0:2143625:2143627,1562109,1,"[""0:2143625:2143627""]"
353,1:728796:728798,1561499,1,"[""1:728796:728798""]"
354,1:2484512:2484514,1561088,1,"[""1:2484512:2484514""]"
355,0:2142269:2142271,1560839,1,"[""0:2142269:2142271""]"
356,0:1700641:1700643,1559799,1,"[""0:1700641:1700643""]"
357,1:2115584:2115586,1558769,1,"[""1:2115584:2115586""]"
358,0:2035075:2035077,1558129,1,"[""0:2035075:2035077""]"
359,0:2334427:2334429,1555009,1,"[""0:2334427:2334429""]"
360,0:2158703:2158705,1554419,1,"[""0:2158703:2158705""]"
361,0:2461697:2461699,1553757,1,"[""0:2461697:2461699""]"
362,1:1694062:1694064,1552819,1,"[""1:1694062:1694064""]"
363,0:2114413:2114415,1552159,1,"[""0:2114413:2114415""]"
364,1:2160892:2160894,1551398,1,"[""1:2160892:2160894""]"
365,0:2381919:2381921,1549779,1,"[""0:2381919:2381921""]"
366,0:2201439:2201441,1548249,1,"[""0:2201439:2201441""]"
367,0:1784965:1784967,1546039,1,"[""0:1784965:1784967""]"
368,0:2340645:2340647,1544069,1,"[""0:2340645:2340647""]"
369,1:2486620:2486622,1543728,1,"[""1:2486620:2486622""]"
370,0:1542481:1542483,1542869,1,"[""0:1542481:1542483""]"
371,1:2088848:2088850,1539978,1,"[""1:2088848:2088850""]"
372,0:1969591:1969593,1535318,1,"[""0:1969591:1969593""]"
373,0:1683033:1683035,1533719,1,"[""0:1683033:1683035""]"
374,0:2321299:2321301,1532889,1,"[""0:2321299:2321301""]"
375,1:1973322:1973324,1529489,1,"[""1:1973322:1973324""]"
376,0:2486619:2486621,1529138,1,"[""0:2486619:2486621""]"
377,1:1535026:1535028,1528329,1,"[""1:1535026:1535028""]"
378,1:1109796:1109798,1527849,1,"[""1:1109796:1109798""]"
379,0:2160891:2160893,1527198,1,"[""0:2160891:2160893""]"
380,0:2176177:2176179,1527139,1,"[""0:2176177:2176179""]"
381,1:2048764:2048766,1526739,1,"[""1:2048764:2048766""]"
382,1:2300270:2300272,1526598,1,"[""1:2300270:2300272""]"
383,0:2150533:2150535,1526199,1,"[""0:2150533:2150535""]"
384,0:2285637:2285639,1525749,1,"[""0:2285637:2285639""]"
385,0:2340007:2340009,1522499,1,"[""0:2340007:2340009""]"
386,1:2375808:2375810,1522399,1,"[""1:2375808:2375810""]"
387,1:1066204:1066206,1519699,1,"[""1:1066204:1066206""]"
388,0:2132421:2132423,1519599,1,"[""0:2132421:2132423""]"
389,0:2300269:2300271,1518438,1,"[""0:2300269:2300271""]"
390,0:2107637:2107639,1517158,1,"[""0:2107637:2107639""]"
391,0:2055295:2055297,1516359,1,"[""0:2055295:2055297""]"
392,1:2484928:2484930,1513328,1,"[""1:2484928:2484930""]"
393,0:1688387:1688389,1510978,1,"[""0:1688387:1688389""]"
394,1:2454820:2454822,1510587,1,"[""1:2454820:2454822""]"
395,1:2388918:2388920,1505169,1,"[""1:2388918:2388920""]"
396,1:747228:747230,1505119,1,"[""1:747228:747230""]"
397,1:2102596:2102598,1504468,1,"[""1:2102596:2102598""]"
398,1:1439992:1439994,1502619,1,"[""1:1439992:1439994""]"
399,0:2099295:2099297,1502259,1,"[""0:2099295:2099297""]"
400,1:467444:467446,1499758,1,"[""1:467444:467446""]"
401,0:2081109:2081111,1498998,1,"[""0:2081109:2081111""]"
402,1:2151934:2151936,1497369,1,"[""1:2151934:2151936""]"
403,0:1652641:1652643,1493919,1,"[""0:1652641:1652643""]"
404,0:2375807:2375809,1493349,1,"[""0:2375807:2375809""]"
405,0:2484927:2484929,1491388,1,"[""0:2484927:2484929""]"
406,0:2340791:2340793,1490648,1,"[""0:2340791:2340793""]"
407,0:1066203:1066205,1489509,1,"[""0:1066203:1066205""]"
408,0:2484721:2484723,1486148,1,"[""0:2484721:2484723""]"
409,0:2304975:2304977,1484389,1,"[""0:2304975:2304977""]"
410,0:1810239:1810241,1483698,1,"[""0:1810239:1810241""]"
411,0:2146033:2146035,1483688,1,"[""0:2146033:2146035""]"
412,0:2341205:2341207,1483149,1,"[""0:2341205:2341207""]"
413,1:2174636:2174638,1482368,1,"[""1:2174636:2174638""]"
414,0:920429:920431,1479529,1,"[""0:920429:920431""]"
415,0:2098037:2098039,1478588,1,"[""0:2098037:2098039""]"
416,0:2366689:2366691,1478478,1,"[""0:2366689:2366691""]"
417,0:2151933:2151935,1477459,1,"[""0:2151933:2151935""]"
418,1:1675776:1675778,1475859,1,"[""1:1675776:1675778""]"
419,1:2139076:2139078,1475218,1,"[""1:2139076:2139078""]"
420,0:1818965:1818967,1474539,1,"[""0:1818965:1818967""]"
421,0:2420883:2420885,1474089,1,"[""0:2420883:2420885""]"
422,0:1720447:1720449,1473628,1,"[""0:1720447:1720449""]"
423,0:1297237:1297239,1470178,1,"[""0:1297237:1297239""]"
424,0:2353045:2353047,1469658,1,"[""0:2353045:2353047""]"
425,1:2317186:2317188,1468308,1,"[""1:2317186:2317188""]"
426,1:2327310:2327312,1468078,1,"[""1:2327310:2327312""]"
427,0:1973321:1973323,1467968,1,"[""0:1973321:1973323""]"
428,1:730698:730700,1467418,1,"[""1:730698:730700""]"
429,1:1610522:1610524,1464138,1,"[""1:1610522:1610524""]"
430,1:1677494:1677496,1462528,1,"[""1:1677494:1677496""]"
431,1:2117558:2117560,1462378,1,"[""1:2117558:2117560""]"
432,0:1582281:1582283,1461648,1,"[""0:1582281:1582283""]"
433,0:2154277:2154279,1457898,1,"[""0:2154277:2154279""]"
434,1:1789644:1789646,1456879,1,"[""1:1789644:1789646""]"
435,0:2317185:2317187,1455999,1,"[""0:2317185:2317187""]"
436,1:2104946:2104948,1455038,1,"[""1:2104946:2104948""]"
437,1:2048950:2048952,1454829,1,"[""1:2048950:2048952""]"
438,0:2272453:2272455,1454118,1,"[""0:2272453:2272455""]"
439,1:2270378:2270380,1454058,1,"[""1:2270378:2270380""]"
440,0:2182125:2182127,1453608,1,"[""0:2182125:2182127""]"
441,0:2191337:2191339,1452739,1,"[""0:2191337:2191339""]"
442,0:2123045:2123047,1452408,1,"[""0:2123045:2123047""]"
443,0:2033485:2033487,1452028,1,"[""0:2033485:2033487""]"
444,0:1668361:1668363,1450848,1,"[""0:1668361:1668363""]"
445,1:1693900:1693902,1449508,1,"[""1:1693900:1693902""]"
446,1:1796990:1796992,1449128,1,"[""1:1796990:1796992""]"
447,1:481074:481076,1448579,1,"[""1:481074:481076""]"
448,1:2453212:2453214,1448398,1,"[""1:2453212:2453214""]"
449,0:2161245:2161247,1447528,1,"[""0:2161245:2161247""]"
450,0:2327309:2327311,1446448,1,"[""0:2327309:2327311""]"
451,1:2141244:2141246,1445778,1,"[""1:2141244:2141246""]"
452,1:2154276:2154278,1445698,1,"[""1:2154276:2154278""]"
453,0:2128221:2128223,1445258,1,"[""0:2128221:2128223""]"
454,1:2037412:2037414,1445169,1,"[""1:2037412:2037414""]"
455,0:1610521:1610523,1444849,1,"[""0:1610521:1610523""]"
456,0:2091369:2091371,1444008,1,"[""0:2091369:2091371""]"
457,0:728795:728797,1443668,1,"[""0:728795:728797""]"
458,1:1680284:1680286,1442429,1,"[""1:1680284:1680286""]"
459,1:1749492:1749494,1441398,1,"[""1:1749492:1749494""]"
460,0:2305187:2305189,1437599,1,"[""0:2305187:2305189""]"
461,1:1849416:1849418,1436458,1,"[""1:1849416:1849418""]"
462,1:2272662:2272664,1436308,1,"[""1:2272662:2272664""]"
463,1:2086688:2086690,1435438,1,"[""1:2086688:2086690""]"
464,0:2131529:2131531,1435188,1,"[""0:2131529:2131531""]"
465,1:2337308:2337310,1434939,1,"[""1:2337308:2337310""]"
466,0:2319715:2319717,1434229,1,"[""0:2319715:2319717""]"
467,1:2300012:2300014,1430898,1,"[""1:2300012:2300014""]"
468,1:2298250:2298252,1430089,1,"[""1:2298250:2298252""]"
469,0:2086687:2086689,1427848,1,"[""0:2086687:2086689""]"
470,0:1693899:1693901,1423888,1,"[""0:1693899:1693901""]"
471,0:1785563:1785565,1422128,1,"[""0:1785563:1785565""]"
472,0:2305395:2305397,1420178,1,"[""0:2305395:2305397""]"
473,1:2052328:2052330,1417218,1,"[""1:2052328:2052330""]"
474,1:2181042:2181044,1414438,1,"[""1:2181042:2181044""]"
475,0:2337307:2337309,1414018,1,"[""0:2337307:2337309""]"
476,1:1677502:1677504,1410158,1,"[""1:1677502:1677504""]"
477,0:2223895:2223897,1407338,1,"[""0:2223895:2223897""]"
478,1:2183218:2183220,1405988,1,"[""1:2183218:2183220""]"
479,1:2338748:2338750,1405988,1,"[""1:2338748:2338750""]"
480,1:2288416:2288418,1402688,1,"[""1:2288416:2288418""]"
481,1:2299294:2299296,1398708,1,"[""1:2299294:2299296""]"
482,0:1680283:1680285,1398658,1,"[""0:1680283:1680285""]"
483,0:2300011:2300013,1398638,1,"[""0:2300011:2300013""]"
484,1:1605858:1605860,1397748,1,"[""1:1605858:1605860""]"
485,1:2283018:2283020,1396538,1,"[""1:2283018:2283020""]"
486,1:2062686:2062688,1395927,1,"[""1:2062686:2062688""]"
487,0:2190541:2190543,1389848,1,"[""0:2190541:2190543""]"
488,0:2062685:2062687,1387178,1,"[""0:2062685:2062687""]"
489,1:2139464:2139466,1387068,1,"[""1:2139464:2139466""]"
490,1:1084318:1084320,1385788,1,"[""1:1084318:1084320""]"
491,0:2104945:2104947,1385488,1,"[""0:2104945:2104947""]"
492,0:1084317:1084319,1384008,1,"[""0:1084317:1084319""]"
493,1:1601654:1601656,1381807,1,"[""1:1601654:1601656""]"
494,1:926574:926576,1377858,1,"[""1:926574:926576""]"
495,1:2342490:2342492,1376208,1,"[""1:2342490:2342492""]"
496,1:564982:564984,1375628,1,"[""1:564982:564984""]"
497,0:2312131:2312133,1371628,1,"[""0:2312131:2312133""]"
498,0:2288415:2288417,1369587,1,"[""0:2288415:2288417""]"
499,0:2283017:2283019,1369418,1,"[""0:2283017:2283019""]"
500,0:1605857:1605859,1368738,1,"[""0:1605857:1605859""]"
501,0:2299293:2299295,1367878,1,"[""0:2299293:2299295""]"
502,1:2190542:2190544,1366428,1,"[""1:2190542:2190544""]"
503,1:2318398:2318400,1361598,1,"[""1:2318398:2318400""]"
504,1:2129660:2129662,1354058,1,"[""1:2129660:2129662""]"
505,1:2140302:2140304,1346887,1,"[""1:2140302:2140304""]"
506,0:1601653:1601655,1342317,1,"[""0:1601653:1601655""]"
507,0:2052327:2052329,1337958,1,"[""0:2052327:2052329""]"
508,1:1654408:1654410,1334668,1,"[""1:1654408:1654410""]"
509,1:109460:109462,1334057,1,"[""1:109460:109462""]"
510,1:2120372:2120374,1333788,1,"[""1:2120372:2120374""]"
511,0:2037411:2037413,1333268,1,"[""0:2037411:2037413""]"
512,0:2129659:2129661,1331007,1,"[""0:2129659:2129661""]"
513,0:2298249:2298251,1330568,1,"[""0:2298249:2298251""]"
514,0:2342489:2342491,1328817,1,"[""0:2342489:2342491""]"
515,1:2293632:2293634,1327437,1,"[""1:2293632:2293634""]"
516,1:278038:278040,1326647,1,"[""1:278038:278040""]"
517,1:1448498:1448500,1325688,1,"[""1:1448498:1448500""]"
518,1:55762:55764,1323858,1,"[""1:55762:55764""]"
519,0:1675777:1675779,1321868,1,"[""0:1675777:1675779""]"
520,1:1697822:1697824,1321078,1,"[""1:1697822:1697824""]"
521,0:2120371:2120373,1319538,1,"[""0:2120371:2120373""]"
522,1:2136450:2136452,1316298,1,"[""1:2136450:2136452""]"
523,0:1749491:1749493,1314847,1,"[""0:1749491:1749493""]"
524,0:278037:278039,1305137,1,"[""0:278037:278039""]"
525,1:2301050:2301052,1299148,1,"[""1:2301050:2301052""]"
526,0:1654407:1654409,1293617,1,"[""0:1654407:1654409""]"
527,0:2136449:2136451,1292747,1,"[""0:2136449:2136451""]"
528,0:2293631:2293633,1288537,1,"[""0:2293631:2293633""]"
529,1:1771864:1771866,1287497,1,"[""1:1771864:1771866""]"
530,0:481073:481075,1282458,1,"[""0:481073:481075""]"
531,1:2287356:2287358,1281937,1,"[""1:2287356:2287358""]"
532,0:1796989:1796991,1281607,1,"[""0:1796989:1796991""]"
533,1:1542482:1542484,1270597,1,"[""1:1542482:1542484""]"
534,1:1638452:1638454,1270517,1,"[""1:1638452:1638454""]"
535,0:1771863:1771865,1267797,1,"[""0:1771863:1771865""]"
536,0:2301049:2301051,1264668,1,"[""0:2301049:2301051""]"
537,1:1784966:1784968,1262857,1,"[""1:1784966:1784968""]"
538,0:2051867:2051869,1262367,1,"[""0:2051867:2051869""]"
539,1:2468426:2468428,1260646,1,"[""1:2468426:2468428""]"
540,0:1955173:1955175,1260497,1,"[""0:1955173:1955175""]"
541,1:2340646:2340648,1260287,1,"[""1:2340646:2340648""]"
542,1:2176178:2176180,1260047,1,"[""1:2176178:2176180""]"
543,1:2193666:2193668,1258127,1,"[""1:2193666:2193668""]"
544,1:1835858:1835860,1257857,1,"[""1:1835858:1835860""]"
545,1:2184286:2184288,1253757,1,"[""1:2184286:2184288""]"
546,0:2287355:2287357,1252347,1,"[""0:2287355:2287357""]"
547,0:1638451:1638453,1245497,1,"[""0:1638451:1638453""]"
548,1:2173594:2173596,1244867,1,"[""1:2173594:2173596""]"
549,0:2438145:2438147,1244747,1,"[""0:2438145:2438147""]"
550,0:2468425:2468427,1243496,1,"[""0:2468425:2468427""]"
551,0:2193665:2193667,1239527,1,"[""0:2193665:2193667""]"
552,1:2322314:2322316,1238157,1,"[""1:2322314:2322316""]"
553,1:2055296:2055298,1238107,1,"[""1:2055296:2055298""]"
554,0:2040309:2040311,1234977,1,"[""0:2040309:2040311""]"
555,0:1085367:1085369,1234287,1,"[""0:1085367:1085369""]"
556,0:1835857:1835859,1233917,1,"[""0:1835857:1835859""]"
557,1:2285638:2285640,1233757,1,"[""1:2285638:2285640""]"
558,0:2173593:2173595,1223327,1,"[""0:2173593:2173595""]"
559,0:2048763:2048765,1219097,1,"[""0:2048763:2048765""]"
560,1:2161246:2161248,1217317,1,"[""1:2161246:2161248""]"
561,1:1085366:1085368,1216197,1,"[""1:1085366:1085368""]"
562,1:1771574:1771576,1214907,1,"[""1:1771574:1771576""]"
563,1:2099296:2099298,1214557,1,"[""1:2099296:2099298""]"
564,0:2322313:2322315,1208526,1,"[""0:2322313:2322315""]"
565,1:2274436:2274438,1206937,1,"[""1:2274436:2274438""]"
566,1:1585014:1585016,1205276,1,"[""1:1585014:1585016""]"
567,1:2203478:2203480,1202847,1,"[""1:2203478:2203480""]"
568,1:1818966:1818968,1198197,1,"[""1:1818966:1818968""]"
569,0:467443:467445,1198056,1,"[""0:467443:467445""]"
570,0:2055607:2055609,1196827,1,"[""0:2055607:2055609""]"
571,1:1537074:1537076,1193797,1,"[""1:1537074:1537076""]"
572,0:1771573:1771575,1193067,1,"[""0:1771573:1771575""]"
573,1:2116136:2116138,1192536,1,"[""1:2116136:2116138""]"
574,0:1439991:1439993,1192207,1,"[""0:1439991:1439993""]"
575,1:2063574:2063576,1187737,1,"[""1:2063574:2063576""]"
576,0:2134845:2134847,1184687,1,"[""0:2134845:2134847""]"
577,1:2191338:2191340,1184207,1,"[""1:2191338:2191340""]"
578,1:2055606:2055608,1183837,1,"[""1:2055606:2055608""]"
579,0:2203477:2203479,1182237,1,"[""0:2203477:2203479""]"
580,1:773110:773112,1181717,1,"[""1:773110:773112""]"
581,0:1537073:1537075,1175687,1,"[""0:1537073:1537075""]"
582,0:2274435:2274437,1174437,1,"[""0:2274435:2274437""]"
583,1:2192506:2192508,1172306,1,"[""1:2192506:2192508""]"
584,0:2116135:2116137,1169466,1,"[""0:2116135:2116137""]"
585,1:2182126:2182128,1167427,1,"[""1:2182126:2182128""]"
586,1:368474:368476,1166967,1,"[""1:368474:368476""]"
587,0:1585013:1585015,1166156,1,"[""0:1585013:1585015""]"
588,1:2118628:2118630,1165917,1,"[""1:2118628:2118630""]"
589,1:2361820:2361822,1162857,1,"[""1:2361820:2361822""]"
590,0:936229:936231,1160766,1,"[""0:936229:936231""]"
591,0:2067513:2067515,1153557,1,"[""0:2067513:2067515""]"
592,0:2192505:2192507,1153406,1,"[""0:2192505:2192507""]"
593,1:2274670:2274672,1146496,1,"[""1:2274670:2274672""]"
594,0:773109:773111,1141907,1,"[""0:773109:773111""]"
595,0:1849415:1849417,1141856,1,"[""0:1849415:1849417""]"
596,1:936228:936230,1139817,1,"[""1:936228:936230""]"
597,0:2063573:2063575,1139567,1,"[""0:2063573:2063575""]"
598,0:2361819:2361821,1136216,1,"[""0:2361819:2361821""]"
599,0:2118627:2118629,1134407,1,"[""0:2118627:2118629""]"
600,0:370825:370827,1134367,1,"[""0:370825:370827""]"
601,0:2453211:2453213,1132136,1,"[""0:2453211:2453213""]"
602,1:467462:467464,1131527,1,"[""1:467462:467464""]"
603,1:1805058:1805060,1127697,1,"[""1:1805058:1805060""]"
604,0:2274669:2274671,1120656,1,"[""0:2274669:2274671""]"
605,1:683374:683376,1115937,1,"[""1:683374:683376""]"
606,1:1821650:1821652,1114856,1,"[""1:1821650:1821652""]"
607,1:2042448:2042450,1110666,1,"[""1:2042448:2042450""]"
608,1:103476:103478,1107107,1,"[""1:103476:103478""]"
609,1:2083036:2083038,1106716,1,"[""1:2083036:2083038""]"
610,0:2083035:2083037,1101716,1,"[""0:2083035:2083037""]"
611,1:2338158:2338160,1098607,1,"[""1:2338158:2338160""]"
612,0:1805057:1805059,1096186,1,"[""0:1805057:1805059""]"
613,0:1821649:1821651,1095536,1,"[""0:1821649:1821651""]"
614,1:2343352:2343354,1095467,1,"[""1:2343352:2343354""]"
615,1:2487038:2487040,1094346,1,"[""1:2487038:2487040""]"
616,1:1636626:1636628,1092376,1,"[""1:1636626:1636628""]"
617,0:2048951:2048953,1090456,1,"[""0:2048951:2048953""]"
618,0:2181041:2181043,1088446,1,"[""0:2181041:2181043""]"
619,0:103475:103477,1087766,1,"[""0:103475:103477""]"
620,1:2312132:2312134,1085796,1,"[""1:2312132:2312134""]"
621,0:683373:683375,1085086,1,"[""0:683373:683375""]"
622,1:989404:989406,1084616,1,"[""1:989404:989406""]"
623,0:368681:368683,1083216,1,"[""0:368681:368683""]"
624,0:2338157:2338159,1082516,1,"[""0:2338157:2338159""]"
625,0:2042447:2042449,1082466,1,"[""0:2042447:2042449""]"
626,1:1363484:1363486,1079746,1,"[""1:1363484:1363486""]"
627,0:926573:926575,1073767,1,"[""0:926573:926575""]"
628,0:1636625:1636627,1073006,1,"[""0:1636625:1636627""]"
629,0:55761:55763,1068346,1,"[""0:55761:55763""]"
630,0:989403:989405,1060976,1,"[""0:989403:989405""]"
631,0:1677501:1677503,1060666,1,"[""0:1677501:1677503""]"
632,0:109459:109461,1053196,1,"[""0:109459:109461""]"
633,0:564981:564983,1047947,1,"[""0:564981:564983""]"
634,1:2156618:2156620,1047426,1,"[""1:2156618:2156620""]"
635,1:755560:755562,1046336,1,"[""1:755560:755562""]"
636,1:796692:796694,1043236,1,"[""1:796692:796694""]"
637,0:2156617:2156619,1037766,1,"[""0:2156617:2156619""]"
638,1:1184434:1184436,1037105,1,"[""1:1184434:1184436""]"
639,1:2292952:2292954,1033246,1,"[""1:2292952:2292954""]"
640,1:151568:151570,1030836,1,"[""1:151568:151570""]"
641,0:2046263:2046265,1027126,1,"[""0:2046263:2046265""]"
642,1:2069840:2069842,1026846,1,"[""1:2069840:2069842""]"
643,0:434999:435001,1023166,1,"[""0:434999:435001""]"
644,0:2272869:2272871,1021255,1,"[""0:2272869:2272871""]"
645,1:2485136:2485138,1018385,1,"[""1:2485136:2485138""]"
646,1:2040310:2040312,1016135,1,"[""1:2040310:2040312""]"
647,0:1184433:1184435,1015885,1,"[""0:1184433:1184435""]"
648,1:1955174:1955176,1015856,1,"[""1:1955174:1955176""]"
649,0:755559:755561,1013586,1,"[""0:755559:755561""]"
650,1:2487250:2487252,1008515,1,"[""1:2487250:2487252""]"
651,0:796691:796693,1005945,1,"[""0:796691:796693""]"
652,0:2069839:2069841,1002955,1,"[""0:2069839:2069841""]"
653,1:2313406:2313408,1000786,1,"[""1:2313406:2313408""]"
654,1:306142:306144,999645,1,"[""1:306142:306144""]"
655,1:1363482:1363484,994375,1,"[""1:1363482:1363484""]"
656,0:2487249:2487251,994305,1,"[""0:2487249:2487251""]"
657,1:2134846:2134848,990936,1,"[""1:2134846:2134848""]"
658,1:2046264:2046266,987776,1,"[""1:2046264:2046266""]"
659,0:2292951:2292953,985635,1,"[""0:2292951:2292953""]"
660,0:151567:151569,983996,1,"[""0:151567:151569""]"
661,1:2067514:2067516,981426,1,"[""1:2067514:2067516""]"
662,0:2313405:2313407,978476,1,"[""0:2313405:2313407""]"
663,1:2372002:2372004,947846,1,"[""1:2372002:2372004""]"
664,1:305282:305284,942655,1,"[""1:305282:305284""]"
665,1:2119360:2119362,940825,1,"[""1:2119360:2119362""]"
666,1:2304988:2304990,940096,1,"[""1:2304988:2304990""]"
667,1:1868654:1868656,936035,1,"[""1:1868654:1868656""]"
668,1:2048168:2048170,935246,1,"[""1:2048168:2048170""]"
669,0:1955329:1955331,935175,1,"[""0:1955329:1955331""]"
670,0:8741:8743,934285,1,"[""0:8741:8743""]"
671,1:1442136:1442138,928935,1,"[""1:1442136:1442138""]"
672,1:2051018:2051020,927765,1,"[""1:2051018:2051020""]"
673,1:1060258:1060260,927165,1,"[""1:1060258:1060260""]"
674,0:2304987:2304989,926775,1,"[""0:2304987:2304989""]"
675,0:2372001:2372003,925236,1,"[""0:2372001:2372003""]"
676,0:2119359:2119361,921125,1,"[""0:2119359:2119361""]"
677,0:1868653:1868655,921115,1,"[""0:1868653:1868655""]"
678,1:2117500:2117502,919175,1,"[""1:2117500:2117502""]"
679,0:305929:305931,909376,1,"[""0:305929:305931""]"
680,1:434996:434998,908746,1,"[""1:434996:434998""]"
681,0:1060257:1060259,905586,1,"[""0:1060257:1060259""]"
682,1:915894:915896,905525,1,"[""1:915894:915896""]"
683,1:1585016:1585018,904405,1,"[""1:1585016:1585018""]"
684,1:510004:510006,890585,1,"[""1:510004:510006""]"
685,1:1955328:1955330,890565,1,"[""1:1955328:1955330""]"
686,1:107882:107884,889585,1,"[""1:107882:107884""]"
687,1:370396:370398,887855,1,"[""1:370396:370398""]"
688,1:1039062:1039064,887815,1,"[""1:1039062:1039064""]"
689,0:2117499:2117501,887475,1,"[""0:2117499:2117501""]"
690,1:369106:369108,885595,1,"[""1:369106:369108""]"
691,1:421024:421026,884755,1,"[""1:421024:421026""]"
692,0:2483879:2483881,884634,1,"[""0:2483879:2483881""]"
693,1:2484510:2484512,880094,1,"[""1:2484510:2484512""]"
694,0:1060469:1060471,876055,1,"[""0:1060469:1060471""]"
695,1:2114272:2114274,875145,1,"[""1:2114272:2114274""]"
696,1:104668:104670,874855,1,"[""1:104668:104670""]"
697,1:1444784:1444786,873685,1,"[""1:1444784:1444786""]"
698,0:370395:370397,869585,1,"[""0:370395:370397""]"
699,0:1449985:1449987,866035,1,"[""0:1449985:1449987""]"
700,1:1039272:1039274,865395,1,"[""1:1039272:1039274""]"
701,1:1695220:1695222,863615,1,"[""1:1695220:1695222""]"
702,0:2272243:2272245,861585,1,"[""0:2272243:2272245""]"
703,0:369105:369107,858335,1,"[""0:369105:369107""]"
704,0:915893:915895,857705,1,"[""0:915893:915895""]"
705,1:1013554:1013556,857655,1,"[""1:1013554:1013556""]"
706,0:421023:421025,848725,1,"[""0:421023:421025""]"
707,1:2181044:2181046,847515,1,"[""1:2181044:2181046""]"
708,0:368483:368485,846115,1,"[""0:368483:368485""]"
709,1:2487668:2487670,846094,1,"[""1:2487668:2487670""]"
710,0:2114271:2114273,843244,1,"[""0:2114271:2114273""]"
711,1:1072844:1072846,841895,1,"[""1:1072844:1072846""]"
712,1:1443614:1443616,840474,1,"[""1:1443614:1443616""]"
713,0:1695219:1695221,834944,1,"[""0:1695219:1695221""]"
714,1:1363502:1363504,832835,1,"[""1:1363502:1363504""]"
715,1:1205350:1205352,831954,1,"[""1:1205350:1205352""]"
716,1:712352:712354,831085,1,"[""1:712352:712354""]"
717,1:2041920:2041922,830935,1,"[""1:2041920:2041922""]"
718,1:661294:661296,830515,1,"[""1:661294:661296""]"
719,1:343022:343024,829085,1,"[""1:343022:343024""]"
720,0:1585015:1585017,826935,1,"[""0:1585015:1585017""]"
721,1:460378:460380,826855,1,"[""1:460378:460380""]"
722,1:247722:247724,826244,1,"[""1:247722:247724""]"
723,1:1583770:1583772,825054,1,"[""1:1583770:1583772""]"
724,1:2388206:2388208,824114,1,"[""1:2388206:2388208""]"
725,1:296474:296476,823315,1,"[""1:296474:296476""]"
726,1:2038702:2038704,823035,1,"[""1:2038702:2038704""]"
727,1:2191290:2191292,822474,1,"[""1:2191290:2191292""]"
728,1:2193664:2193666,821295,1,"[""1:2193664:2193666""]"
729,1:1318514:1318516,820635,1,"[""1:1318514:1318516""]"
730,1:2050136:2050138,819544,1,"[""1:2050136:2050138""]"
731,1:2189762:2189764,819355,1,"[""1:2189762:2189764""]"
732,1:461130:461132,819345,1,"[""1:461130:461132""]"
733,0:1205349:1205351,818744,1,"[""0:1205349:1205351""]"
734,0:1363483:1363485,816675,1,"[""0:1363483:1363485""]"
735,1:2065380:2065382,816305,1,"[""1:2065380:2065382""]"
736,1:306144:306146,811374,1,"[""1:306144:306146""]"
737,1:1039592:1039594,806625,1,"[""1:1039592:1039594""]"
738,0:2487457:2487459,791154,1,"[""0:2487457:2487459""]"
739,0:2181043:2181045,789505,1,"[""0:2181043:2181045""]"
740,1:1363490:1363492,764034,1,"[""1:1363490:1363492""]"
741,0:343021:343023,759554,1,"[""0:343021:343023""]"
742,0:1363499:1363501,742254,1,"[""0:1363499:1363501""]"
743,0:1363481:1363483,739874,1,"[""0:1363481:1363483""]"
744,1:2306242:2306244,736564,1,"[""1:2306242:2306244""]"
745,1:764808:764810,711274,1,"[""1:764808:764810""]"
746,0:1039169:1039171,703814,1,"[""0:1039169:1039171""]"
747,1:1363494:1363496,698524,1,"[""1:1363494:1363496""]"
748,0:2038701:2038703,697264,1,"[""0:2038701:2038703""]"
749,0:368475:368477,685204,1,"[""0:368475:368477""]"
750,0:1363501:1363503,667954,1,"[""0:1363501:1363503""]"
751,1:1363498:1363500,665324,1,"[""1:1363498:1363500""]"
752,1:1060682:1060684,574684,1,"[""1:1060682:1060684""]"
753,0:1538821:1538823,574683,1,"[""0:1538821:1538823""]"
754,0:1442341:1442343,563883,1,"[""0:1442341:1442343""]"
755,0:1363485:1363487,557763,1,"[""0:1363485:1363487""]"
756,1:2044238:2044240,555173,1,"[""1:2044238:2044240""]"
757,1:8742:8744,547403,1,"[""1:8742:8744""]"
758,1:2485142:2485144,545302,1,"[""1:2485142:2485144""]"
759,1:2483880:2483882,541553,1,"[""1:2483880:2483882""]"
760,1:1363486:1363488,539443,1,"[""1:1363486:1363488""]"
761,0:2272663:2272665,536003,1,"[""0:2272663:2272665""]"
762,1:1060470:1060472,517833,1,"[""1:1060470:1060472""]"
763,1:203062:203064,516453,1,"[""1:203062:203064""]"
764,1:2272454:2272456,503913,1,"[""1:2272454:2272456""]"
765,0:1448499:1448501,502923,1,"[""0:1448499:1448501""]"
766,0:1060683:1060685,499582,1,"[""0:1060683:1060685""]"
767,1:2484722:2484724,491913,1,"[""1:2484722:2484724""]"
768,1:1363500:1363502,487393,1,"[""1:1363500:1363502""]"
769,1:435000:435002,455452,1,"[""1:435000:435002""]"
770,1:370826:370828,450332,1,"[""1:370826:370828""]"
771,0:368683:368685,409902,1,"[""0:368683:368685""]"
772,0:1363497:1363499,389642,1,"[""0:1363497:1363499""]"
773,0:1363489:1363491,371332,1,"[""0:1363489:1363491""]"
774,0:1363503:1363505,336212,1,"[""0:1363503:1363505""]"
775,1:2272868:2272870,329922,1,"[""1:2272868:2272870""]"
776,1:2246994:2246996,327672,1,"[""1:2246994:2246996""]"
777,0:1363491:1363493,319902,1,"[""0:1363491:1363493""]"
778,0:305283:305285,288102,1,"[""0:305283:305285""]"
779,0:2485137:2485139,286172,1,"[""0:2485137:2485139""]"
780,1:1449986:1449988,257621,1,"[""1:1449986:1449988""]"
781,0:368895:368897,227681,1,"[""0:368895:368897""]"
782,0:2051019:2051021,226422,1,"[""0:2051019:2051021""]"
783,1:2272870:2272872,225392,1,"[""1:2272870:2272872""]"
784,0:1072639:1072641,223021,1,"[""0:1072639:1072641""]"
785,0:306143:306145,222822,1,"[""0:306143:306145""]"
786,1:368484:368486,220321,1,"[""1:368484:368486""]"
787,0:1072219:1072221,219211,1,"[""0:1072219:1072221""]"
788,1:2272244:2272246,217481,1,"[""1:2272244:2272246""]"
789,0:306145:306147,215582,1,"[""0:306145:306147""]"
790,0:307667:307669,213321,1,"[""0:307667:307669""]"
791,1:305930:305932,212391,1,"[""1:305930:305932""]"
792,1:2305188:2305190,211372,1,"[""1:2305188:2305190""]"
793,0:1442137:1442139,210801,1,"[""0:1442137:1442139""]"
794,1:2304976:2304978,209041,1,"[""1:2304976:2304978""]"
795,0:467463:467465,208021,1,"[""0:467463:467465""]"
796,0:2484513:2484515,207371,1,"[""0:2484513:2484515""]"
797,0:2487039:2487041,206701,1,"[""0:2487039:2487041""]"
798,0:2306649:2306651,205722,1,"[""0:2306649:2306651""]"
799,0:2485559:2485561,205651,1,"[""0:2485559:2485561""]"
800,1:2305396:2305398,202541,1,"[""1:2305396:2305398""]"
